day,slot,output_name,output_count,input1_name,input1_count,input2_name,input2_count,input3_name,input3_count
1,1,運だめし,5,恐怖の視線,2,,,,
1,2,時の恵み,1,マジックマ,4,,,,
1,3,パワー集約,1,マジックマ,9,,,,
2,1,無料セール,1,再発注,8,,,,
2,2,一掃セール,1,すご腕職人,2,,,,
2,3,利益分配,1,Wスコア,6,,,,
3,1,PERKマニア,1,キルジョイ,3,,,,
3,2,自己治療,1,刹那の強化,9,,,,
3,3,隠しだま,1,死体歩き,1,運だめし,1,,
4,1,弾丸強化,1,マジックマ,5,,,,
4,2,臨死体験,1,世界の終焉,8,,,,
4,3,不死鳥,8,ヘッドガン,3,,,,
5,1,プラスワン,2,恐怖の視線,1,,,,
5,2,肌身離さず,1,すご腕職人,2,,,,
5,3,おまけPERK,1,炎上,4,,,,
6,1,パワー集約,1,刹那の強化,8,,,,
6,2,完全無欠,1,炎上,8,,,,
6,3,サービス品,1,乱れ撃ち,4,,,,
7,1,壁パンチ,1,再発注,4,,,,
7,2,ヘッドバン,5,時の恵み,2,,,,
7,3,へそくり,1,危険な滑り,1,プラスワン,1,肌身離さず,1
8,1,電撃ポップ,6,秘密の客,2,,,,
8,2,箱パワー,1,恐怖の視線,1,マジックマ,1,,
8,3,危険な滑り,5,キルジョイ,2,,,,
9,1,恐怖の視線,1,炎上,4,,,,
9,2,キルジョイ,1,刹那の強化,4,,,,
9,3,弾丸強化,1,ハイハイ,4,,,,
10,1,不死鳥,5,秘密の客,1,ヘッドガン,1,,
10,2,隠しだま,1,恐怖の視線,1,マジックマ,1,,
10,3,無料セール,1,世界の終焉,4,キルジョイ,1,,
11,1,臨死体験,1,隠しだま,2,刹那の強化,1,,
11,2,利益分配,1,世界の終焉,4,キルジョイ,1,,
11,3,PERKマニア,1,時の恵み,3,,,,
12,1,完全無欠,1,マジックマ,9,,,,
12,2,おまけPERK,1,再発注,4,,,,
12,3,一掃セール,1,刹那の強化,2,,,,
13,1,危険な滑り,1,すご腕職人,2,,,,
13,2,時の恵み,1,再発注,4,,,,
13,3,恐怖の視線,1,マジックマ,4,,,,
14,1,ヘッドバン,1,マジックマ,2,,,,
14,2,弾丸強化,1,秘密の客,1,,,,
14,3,Wスコア,3,ハイハイ,4,,,,
15,1,無料セール,1,Wスコア,6,,,,
15,2,プラスワン,1,ハイハイ,2,,,,
15,3,運だめし,1,マジックマ,2,,,,
16,1,臨死体験,1,ハイハイ,9,,,,
16,2,パワー集約,1,炎上,8,,,,
16,3,キルジョイ,1,再発注,4,,,,
17,1,PERKマニア,1,板張り職人,9,,,,
17,2,自己治療,1,おまじない,7,,,,
17,3,完全無欠,1,死の板,7,,,,
18,1,不死鳥,2,時の恵み,1,,,,
18,2,へそくり,1,透明人間,4,,,,
18,3,サービス品,1,悪魔の兵器,4,,,,
19,1,弾丸強化,1,すご腕職人,5,,,,
19,2,一掃セール,2,時の恵み,1,,,,
19,3,おまけPERK,1,刹那の強化,4,,,,
20,1,箱パワー,1,乱れ撃ち,4,,,,
20,2,肌身離さず,5,秘密の客,2,,,,
20,3,隠しだま,1,炎上,4,,,,
21,1,ヘッドバン,3,ハイハイ,4,,,,
21,2,電撃ポップ,1,すご腕職人,2,,,,
21,3,恐怖の視線,1,世界の終焉,3,,,,
22,1,Wスコア,3,刹那の強化,4,,,,
22,2,パワー集約,1,電撃ポップ,6,,,,
22,3,へそくり,1,ハイハイ,4,,,,
23,1,壁パンチ,1,マジックマ,5,,,,
23,2,運だめし,3,刹那の強化,4,,,,
23,3,自己治療,1,世界の終焉,8,,,,
24,1,無料セール,1,すご腕職人,9,,,,
24,2,利益分配,1,おまじない,7,,,,
24,3,隠しだま,1,乱れ撃ち,4,,,,
25,1,サービス品,1,死体歩き,1,運だめし,1,,
25,2,PERKマニア,1,死の板,8,,,,
25,3,プラスワン,1,刹那の強化,2,,,,
26,1,肌身離さず,2,運だめし,3,,,,
26,2,臨死体験,1,秘密の客,1,ヘッドガン,1,,
26,3,不死鳥,2,板張り職人,4,,,,
27,1,危険な滑り,6,秘密の客,2,,,,
27,2,ヘッドバン,5,キルジョイ,2,,,,
27,3,パワー集約,1,透明人間,7,,,,
28,1,キルジョイ,1,炎上,4,,,,
28,2,へそくり,1,死体歩き,1,電撃ポップ,1,,
28,3,一掃セール,2,キルジョイ,1,,,,
29,1,電撃ポップ,1,マジックマ,2,,,,
29,2,運だめし,6,秘密の客,2,,,,
29,3,完全無欠,1,運だめし,1,時の恵み,2,,
30,1,おまけPERK,1,悪魔の兵器,4,,,,
30,2,壁パンチ,1,世界の終焉,4,,,,
30,3,Wスコア,5,キルジョイ,2,,,,
31,1,PERKマニア,1,キルタイム,1,時の恵み,1,,
31,2,箱パワー,1,すご腕職人,5,,,,
31,3,臨死体験,1,危険な滑り,7,,,,
32,1,強制終了,1,弾丸強化,2,マジックマ,1,,
32,2,弾丸強化,1,再発注,4,,,,
32,3,無料セール,1,隠しだま,2,,,,
33,1,利益分配,1,悪魔の兵器,7,,,,
33,2,完全無欠,1,刹那の強化,8,,,,
33,3,パワー集約,1,世界の終焉,7,,,,
34,1,隠しだま,1,ハイハイ,4,,,,
34,2,自己治療,1,マジックマ,10,,,,
34,3,サービス品,1,再発注,4,,,,
35,1,へそくり,1,死体歩き,1,運だめし,1,,
35,2,プラスワン,6,秘密の客,1,ヘッドガン,1,,
35,3,一掃セール,7,キルタイム,2,,,,
36,1,不死鳥,5,秘密の客,2,,,,
36,2,Wスコア,10,ヘッドガン,3,,,,
36,3,おまけPERK,1,乱れ撃ち,4,,,,
37,1,弾丸強化,1,板張り職人,2,死の板,2,,
37,2,キルジョイ,1,死体歩き,1,すご腕職人,1,,
37,3,ヘッドバン,5,恐怖の視線,2,,,,
38,1,PERKマニア,1,世界の終焉,8,,,,
38,2,利益分配,1,透明人間,7,,,,
38,3,プラスワン,1,すご腕職人,2,,,,
39,1,一掃セール,2,恐怖の視線,1,,,,
39,2,無料セール,1,乱れ撃ち,7,,,,
39,3,壁パンチ,1,ハイハイ,4,,,,
40,1,箱パワー,1,ハイハイ,4,,,,
40,2,臨死体験,1,おまじない,7,,,,
40,3,完全無欠,1,危険な滑り,6,,,,
41,1,おまけPERK,1,すご腕職人,5,,,,
41,2,へそくり,1,炎上,4,,,,
41,3,パワー集約,1,Wスコア,6,,,,
42,1,弾丸強化,1,恐怖の視線,1,マジックマ,1,,
42,2,恐怖の視線,1,板張り職人,4,,,,
42,3,電撃ポップ,13,秘密の客,2,ヘッドガン,2,,
43,1,不死鳥,1,すご腕職人,2,,,,
43,2,肌身離さず,1,マジックマ,2,,,,
43,3,PERKマニア,1,世界の終焉,5,キルジョイ,1,,
44,1,危険な滑り,3,刹那の強化,4,,,,
44,2,隠しだま,1,マジックマ,5,,,,
44,3,自己治療,1,再発注,9,,,,
45,1,無料セール,1,死の板,7,,,,
45,2,強制終了,1,キルタイム,1,時の恵み,1,,
45,3,サービス品,1,ハイハイ,4,,,,
46,1,完全無欠,1,おまじない,5,肌身離さず,1,,
46,2,プラスワン,7,キルタイム,2,,,,
46,3,弾丸強化,1,世界の終焉,4,,,,
47,1,不死鳥,2,おまじない,3,,,,
47,2,利益分配,1,ヘッドバン,6,,,,
47,3,一掃セール,9,ヘッドガン,3,,,,
48,1,おまけPERK,1,板張り職人,2,死の板,2,,
48,2,箱パワー,1,恐怖の視線,1,炎上,1,,
48,3,壁パンチ,1,死体歩き,1,運だめし,1,,
49,1,弾丸強化,1,刹那の強化,4,,,,
49,2,サービス品,1,透明人間,4,,,,
49,3,臨死体験,1,すご腕職人,10,,,,